ROI,Layer,Model,%R2,eff.Robustness,imagenet1k,imagenet-sketch
(3) V4_both_fmri,(3) RDM_features_8.npz,AlexNet,13.37071724,-0.307353617,56.556,10.72333903
(3) V4_both_fmri,(3) RDM_layer4.npz,ResNet50,12.09094357,-0.376778814,76.146,24.09361552
(3) V4_both_fmri,(7) RDM_features_6.npz,efficientnet_b0,13.78512595,-1.143059536,77.672,25.06828588
(3) V4_both_fmri,(6) RDM_features_16.npz,VGG11,19.39980338,-2.353507255,69.04,15.72245475
(3) V4_both_fmri,(3) RDM_features_denseblock4.npz,Densenet121,16.53302945,1.562147085,74.438,24.26064572
(3) V4_both_fmri,(1) RDM_conv5.npz,ShuffleNetV2x05,21.11847813,-0.644634747,60.552,12.24036629
(3) V4_both_fmri,(5) RDM_layer4.npz,resnext101_32x8d,6.066243239,1.164548074,79.308,29.43268683
(3) V4_both_fmri,(3) RDM_layer4.npz,ResNet101,11.55106245,1.13690467,77.366,26.98618562
