{
    "V4_both_fmri.npz": {
        "spearman": {
            "lnc": 0.11749052551768202,
            "unc": 0.2803571974909511
        }
    }
}