Model,eff.Robustness,imagenet1k,imagenet-r
AlexNet,-20.409224970825793,56.556,0.023333333333333334
AlexNet,-20.409224970825793,56.556,0.023333333333333334
AlexNet,1.4041083625075395,56.556,21.836666666666666
